               epoch,      train/box_loss,      train/obj_loss,      train/cls_loss,   metrics/precision,      metrics/recall,     metrics/mAP_0.5,metrics/mAP_0.5:0.95,        val/box_loss,        val/obj_loss,        val/cls_loss,               x/lr0,               x/lr1,               x/lr2
                   0,             0.12384,            0.041991,                   0,           0.0023722,             0.16667,            0.013508,           0.0013508,             0.12658,            0.036122,                   0,              0.0982,              0.0002,              0.0002
                   1,             0.12742,            0.038581,                   0,           0.0028005,             0.16667,            0.018235,           0.0018235,             0.12518,            0.035753,                   0,            0.095498,          0.00049752,          0.00049752
                   2,             0.12069,            0.044065,                   0,            0.002529,             0.16667,            0.021498,           0.0022521,             0.12298,            0.035805,                   0,            0.092792,          0.00079208,          0.00079208
                   3,             0.11938,            0.039109,                   0,           0.0042957,             0.16667,            0.025421,           0.0027992,             0.11847,            0.036229,                   0,            0.090084,           0.0010837,           0.0010837
                   4,             0.11503,            0.044779,                   0,            0.015904,             0.33333,             0.04469,           0.0047801,             0.11447,            0.036665,                   0,            0.087372,           0.0013723,           0.0013723
                   5,             0.11433,            0.040677,                   0,            0.042529,             0.66667,            0.093849,             0.01469,             0.10705,            0.037066,                   0,            0.084658,           0.0016579,           0.0016579
                   6,             0.10346,            0.043787,                   0,            0.051827,             0.66667,             0.12935,            0.026893,            0.099127,            0.037707,                   0,            0.081941,           0.0019406,           0.0019406
                   7,             0.10229,            0.042916,                   0,               0.051,             0.80635,            0.095236,            0.033125,             0.09355,            0.037949,                   0,             0.07922,           0.0022203,           0.0022203
                   8,            0.096957,             0.04044,                   0,             0.21361,             0.66667,             0.32764,            0.067898,            0.091083,            0.037765,                   0,            0.076497,            0.002497,            0.002497
                   9,            0.096669,            0.044432,                   0,              0.1869,                 0.5,              0.2355,            0.086009,            0.088582,            0.037419,                   0,            0.073771,           0.0027708,           0.0027708
                  10,            0.098617,            0.049262,                   0,             0.37704,                 0.5,              0.4425,             0.17128,            0.084971,            0.037387,                   0,            0.071042,           0.0030416,           0.0030416
                  11,            0.090307,            0.032896,                   0,             0.46868,                 0.5,              0.5102,             0.18926,            0.082708,            0.037151,                   0,            0.068309,           0.0033094,           0.0033094
                  12,            0.088872,            0.042788,                   0,             0.47702,             0.33333,             0.56289,             0.25014,             0.07974,            0.036529,                   0,            0.065574,           0.0035743,           0.0035743
                  13,            0.086616,            0.040868,                   0,             0.70163,             0.40327,             0.60125,             0.26857,             0.07661,            0.036083,                   0,            0.062836,           0.0038362,           0.0038362
                  14,            0.085238,            0.035578,                   0,             0.70163,             0.40327,             0.60125,             0.26857,             0.07661,            0.036083,                   0,            0.060095,           0.0040951,           0.0040951
                  15,            0.083539,            0.042571,                   0,             0.52985,             0.38308,             0.63534,             0.21305,            0.071648,            0.036168,                   0,            0.057351,            0.004351,            0.004351
                  16,             0.08202,            0.036023,                   0,                   1,              0.6256,             0.80627,             0.31971,            0.077281,            0.033647,                   0,            0.054604,            0.004604,            0.004604
                  17,            0.066649,            0.038269,                   0,                   1,              0.6256,             0.80627,             0.31971,            0.077281,            0.033647,                   0,            0.051854,            0.004854,            0.004854
                  18,            0.080369,             0.05072,                   0,             0.85481,             0.66667,               0.845,             0.32662,            0.072493,            0.033736,                   0,            0.049101,            0.005101,            0.005101
                  19,             0.07645,            0.045533,                   0,             0.21942,             0.66667,             0.21063,            0.042802,            0.073439,            0.034051,                   0,            0.046345,           0.0053451,           0.0053451
                  20,            0.076241,            0.046752,                   0,             0.21942,             0.66667,             0.21063,            0.042802,            0.073439,            0.034051,                   0,            0.043586,           0.0055862,           0.0055862
                  21,            0.074742,             0.03486,                   0,             0.63607,             0.16667,             0.25591,            0.036426,            0.074948,            0.032593,                   0,            0.040824,           0.0058243,           0.0058243
                  22,            0.080868,            0.040134,                   0,             0.63607,             0.16667,             0.25591,            0.036426,            0.074948,            0.032593,                   0,            0.038059,           0.0060595,           0.0060595
                  23,            0.080187,            0.042398,                   0,                   1,             0.32981,             0.47099,             0.15905,            0.068526,            0.030299,                   0,            0.035292,           0.0062917,           0.0062917
                  24,            0.069036,              0.0295,                   0,                   1,             0.32981,             0.47099,             0.15905,            0.068526,            0.030299,                   0,            0.032521,           0.0065209,           0.0065209
                  25,            0.077445,              0.0443,                   0,             0.93521,             0.33333,             0.42767,            0.071004,             0.07419,            0.028033,                   0,            0.029747,           0.0067471,           0.0067471
                  26,            0.075682,            0.039006,                   0,             0.93521,             0.33333,             0.42767,            0.071004,             0.07419,            0.028033,                   0,             0.02697,           0.0069704,           0.0069704
                  27,            0.075461,            0.038195,                   0,             0.66272,             0.66667,             0.69027,             0.29687,            0.071578,            0.025702,                   0,            0.024191,           0.0071907,           0.0071907
                  28,            0.072226,             0.03207,                   0,             0.66272,             0.66667,             0.69027,             0.29687,            0.071578,            0.025702,                   0,            0.021408,            0.007408,            0.007408
                  29,            0.072566,            0.047755,                   0,             0.66272,             0.66667,             0.69027,             0.29687,            0.071578,            0.025702,                   0,            0.018622,           0.0076224,           0.0076224
                  30,            0.060114,            0.027869,                   0,             0.51286,             0.66667,             0.66662,             0.29458,            0.067193,            0.025074,                   0,            0.015834,           0.0078338,           0.0078338
                  31,            0.066488,            0.036747,                   0,             0.51286,             0.66667,             0.66662,             0.29458,            0.067193,            0.025074,                   0,            0.013042,           0.0080422,           0.0080422
                  32,            0.069153,            0.036319,                   0,             0.32642,             0.83333,             0.43807,             0.28545,            0.070479,            0.024169,                   0,            0.010248,           0.0082477,           0.0082477
                  33,            0.070503,            0.036545,                   0,             0.32642,             0.83333,             0.43807,             0.28545,            0.070479,            0.024169,                   0,           0.0083665,           0.0083665,           0.0083665
                  34,            0.073729,            0.031452,                   0,             0.32642,             0.83333,             0.43807,             0.28545,            0.070479,            0.024169,                   0,           0.0083665,           0.0083665,           0.0083665
                  35,            0.071545,            0.025998,                   0,              0.9385,                 0.5,             0.76083,             0.24496,            0.077483,            0.024367,                   0,            0.008317,            0.008317,            0.008317
                  36,            0.070716,            0.027775,                   0,              0.9385,                 0.5,             0.76083,             0.24496,            0.077483,            0.024367,                   0,           0.0082675,           0.0082675,           0.0082675
                  37,            0.076197,            0.043109,                   0,              0.9385,                 0.5,             0.76083,             0.24496,            0.077483,            0.024367,                   0,            0.008218,            0.008218,            0.008218
                  38,            0.070037,            0.029044,                   0,             0.53941,             0.83333,              0.7875,             0.32907,            0.064874,            0.025072,                   0,           0.0081685,           0.0081685,           0.0081685
                  39,            0.065816,            0.031102,                   0,             0.53941,             0.83333,              0.7875,             0.32907,            0.064874,            0.025072,                   0,            0.008119,            0.008119,            0.008119
                  40,            0.069298,            0.031919,                   0,             0.99014,                 0.5,             0.76659,             0.26787,             0.06415,            0.025441,                   0,           0.0080695,           0.0080695,           0.0080695
                  41,            0.065728,            0.031253,                   0,             0.99014,                 0.5,             0.76659,             0.26787,             0.06415,            0.025441,                   0,             0.00802,             0.00802,             0.00802
                  42,            0.066324,             0.03462,                   0,             0.99014,                 0.5,             0.76659,             0.26787,             0.06415,            0.025441,                   0,           0.0079705,           0.0079705,           0.0079705
                  43,            0.066164,            0.028875,                   0,             0.92566,             0.83333,             0.92227,             0.44486,            0.057529,            0.024975,                   0,            0.007921,            0.007921,            0.007921
                  44,            0.064992,            0.026393,                   0,             0.92566,             0.83333,             0.92227,             0.44486,            0.057529,            0.024975,                   0,           0.0078715,           0.0078715,           0.0078715
                  45,            0.061768,            0.032166,                   0,             0.92566,             0.83333,             0.92227,             0.44486,            0.057529,            0.024975,                   0,            0.007822,            0.007822,            0.007822
                  46,            0.057852,            0.023921,                   0,              0.9433,             0.83333,               0.955,                0.43,            0.055749,             0.02498,                   0,           0.0077725,           0.0077725,           0.0077725
                  47,            0.059004,            0.031909,                   0,              0.9433,             0.83333,               0.955,                0.43,            0.055749,             0.02498,                   0,            0.007723,            0.007723,            0.007723
                  48,            0.060193,            0.029551,                   0,                   1,              0.6525,             0.85852,             0.38434,            0.055274,            0.024204,                   0,           0.0076735,           0.0076735,           0.0076735
                  49,            0.061984,            0.037669,                   0,                   1,              0.6525,             0.85852,             0.38434,            0.055274,            0.024204,                   0,            0.007624,            0.007624,            0.007624
                  50,            0.060341,            0.022851,                   0,                   1,              0.6525,             0.85852,             0.38434,            0.055274,            0.024204,                   0,           0.0075745,           0.0075745,           0.0075745
                  51,            0.064647,            0.026045,                   0,             0.70792,             0.66667,             0.78457,              0.3088,            0.067635,            0.022098,                   0,            0.007525,            0.007525,            0.007525
                  52,            0.066975,            0.029954,                   0,             0.70792,             0.66667,             0.78457,              0.3088,            0.067635,            0.022098,                   0,           0.0074755,           0.0074755,           0.0074755
                  53,             0.06545,            0.025007,                   0,             0.70792,             0.66667,             0.78457,              0.3088,            0.067635,            0.022098,                   0,            0.007426,            0.007426,            0.007426
                  54,            0.065206,            0.028628,                   0,             0.93776,             0.83333,             0.88833,             0.40464,            0.060995,            0.021799,                   0,           0.0073765,           0.0073765,           0.0073765
                  55,            0.062114,            0.029113,                   0,             0.93776,             0.83333,             0.88833,             0.40464,            0.060995,            0.021799,                   0,            0.007327,            0.007327,            0.007327
                  56,            0.062365,            0.029462,                   0,                   1,             0.79906,               0.899,             0.47292,            0.058963,            0.021101,                   0,           0.0072775,           0.0072775,           0.0072775
                  57,             0.06432,              0.0358,                   0,                   1,             0.79906,               0.899,             0.47292,            0.058963,            0.021101,                   0,            0.007228,            0.007228,            0.007228
                  58,            0.065294,            0.027976,                   0,                   1,             0.79906,               0.899,             0.47292,            0.058963,            0.021101,                   0,           0.0071785,           0.0071785,           0.0071785
                  59,            0.063965,            0.022944,                   0,                   1,             0.45631,             0.70139,             0.32926,            0.063014,            0.020066,                   0,            0.007129,            0.007129,            0.007129
                  60,            0.062887,            0.024424,                   0,                   1,             0.45631,             0.70139,             0.32926,            0.063014,            0.020066,                   0,           0.0070795,           0.0070795,           0.0070795
                  61,            0.064026,            0.025709,                   0,                   1,             0.45631,             0.70139,             0.32926,            0.063014,            0.020066,                   0,             0.00703,             0.00703,             0.00703
                  62,            0.058088,            0.029916,                   0,             0.66902,             0.83333,             0.82627,             0.42265,            0.056368,            0.020071,                   0,           0.0069805,           0.0069805,           0.0069805
                  63,            0.058312,            0.022624,                   0,             0.66902,             0.83333,             0.82627,             0.42265,            0.056368,            0.020071,                   0,            0.006931,            0.006931,            0.006931
                  64,            0.053951,            0.029016,                   0,                   1,             0.66241,             0.90357,             0.39304,            0.058294,            0.019191,                   0,           0.0068815,           0.0068815,           0.0068815
                  65,            0.060422,            0.035511,                   0,                   1,             0.66241,             0.90357,             0.39304,            0.058294,            0.019191,                   0,            0.006832,            0.006832,            0.006832
                  66,            0.061526,            0.029651,                   0,                   1,             0.66241,             0.90357,             0.39304,            0.058294,            0.019191,                   0,           0.0067825,           0.0067825,           0.0067825
                  67,            0.050285,            0.024641,                   0,             0.91822,             0.83333,             0.94167,             0.39693,            0.055652,            0.018528,                   0,            0.006733,            0.006733,            0.006733
                  68,            0.052663,            0.021933,                   0,             0.91822,             0.83333,             0.94167,             0.39693,            0.055652,            0.018528,                   0,           0.0066835,           0.0066835,           0.0066835
                  69,             0.05633,            0.027334,                   0,             0.91822,             0.83333,             0.94167,             0.39693,            0.055652,            0.018528,                   0,            0.006634,            0.006634,            0.006634
                  70,            0.047815,            0.021776,                   0,             0.82729,                   1,             0.97214,             0.43554,            0.048853,            0.018532,                   0,           0.0065845,           0.0065845,           0.0065845
                  71,            0.047874,             0.02831,                   0,             0.82729,                   1,             0.97214,             0.43554,            0.048853,            0.018532,                   0,            0.006535,            0.006535,            0.006535
                  72,            0.049331,            0.031706,                   0,             0.68835,             0.83333,             0.88243,             0.40509,            0.048648,            0.018804,                   0,           0.0064855,           0.0064855,           0.0064855
                  73,            0.051436,            0.025262,                   0,             0.68835,             0.83333,             0.88243,             0.40509,            0.048648,            0.018804,                   0,            0.006436,            0.006436,            0.006436
                  74,            0.048979,            0.027071,                   0,             0.68835,             0.83333,             0.88243,             0.40509,            0.048648,            0.018804,                   0,           0.0063865,           0.0063865,           0.0063865
                  75,            0.050994,            0.022133,                   0,             0.84596,             0.66667,             0.86725,             0.33802,            0.047017,            0.018566,                   0,            0.006337,            0.006337,            0.006337
                  76,            0.052673,            0.023557,                   0,             0.84596,             0.66667,             0.86725,             0.33802,            0.047017,            0.018566,                   0,           0.0062875,           0.0062875,           0.0062875
                  77,            0.048281,            0.025872,                   0,             0.84596,             0.66667,             0.86725,             0.33802,            0.047017,            0.018566,                   0,            0.006238,            0.006238,            0.006238
                  78,            0.050059,             0.03067,                   0,             0.83602,             0.85217,             0.97214,             0.45388,            0.041288,            0.018249,                   0,           0.0061885,           0.0061885,           0.0061885
                  79,            0.042384,            0.024836,                   0,             0.83602,             0.85217,             0.97214,             0.45388,            0.041288,            0.018249,                   0,            0.006139,            0.006139,            0.006139
                  80,             0.04854,            0.038983,                   0,             0.55046,             0.83333,             0.78843,             0.42602,            0.050198,            0.018449,                   0,           0.0060895,           0.0060895,           0.0060895
                  81,            0.053463,            0.025064,                   0,             0.55046,             0.83333,             0.78843,             0.42602,            0.050198,            0.018449,                   0,             0.00604,             0.00604,             0.00604
                  82,            0.053266,            0.035282,                   0,             0.55046,             0.83333,             0.78843,             0.42602,            0.050198,            0.018449,                   0,           0.0059905,           0.0059905,           0.0059905
                  83,            0.051123,            0.026543,                   0,             0.62909,             0.84971,              0.8931,             0.42085,            0.040165,            0.017963,                   0,            0.005941,            0.005941,            0.005941
                  84,            0.042152,            0.019651,                   0,             0.62909,             0.84971,              0.8931,             0.42085,            0.040165,            0.017963,                   0,           0.0058915,           0.0058915,           0.0058915
                  85,            0.046876,            0.024754,                   0,             0.62909,             0.84971,              0.8931,             0.42085,            0.040165,            0.017963,                   0,            0.005842,            0.005842,            0.005842
                  86,            0.048034,            0.030154,                   0,             0.94844,                   1,               0.995,             0.46793,            0.039848,            0.017557,                   0,           0.0057925,           0.0057925,           0.0057925
                  87,            0.046124,            0.030046,                   0,             0.94844,                   1,               0.995,             0.46793,            0.039848,            0.017557,                   0,            0.005743,            0.005743,            0.005743
                  88,            0.044599,            0.020347,                   0,             0.69661,             0.77148,              0.8931,             0.43708,            0.054158,            0.016903,                   0,           0.0056935,           0.0056935,           0.0056935
                  89,            0.055499,            0.021662,                   0,             0.69661,             0.77148,              0.8931,             0.43708,            0.054158,            0.016903,                   0,            0.005644,            0.005644,            0.005644
                  90,            0.054248,            0.024795,                   0,             0.69661,             0.77148,              0.8931,             0.43708,            0.054158,            0.016903,                   0,           0.0055945,           0.0055945,           0.0055945
                  91,            0.052398,            0.027091,                   0,              0.6491,                   1,              0.8931,             0.54275,            0.041666,            0.016812,                   0,            0.005545,            0.005545,            0.005545
                  92,            0.045147,            0.029601,                   0,              0.6491,                   1,              0.8931,             0.54275,            0.041666,            0.016812,                   0,           0.0054955,           0.0054955,           0.0054955
                  93,            0.045842,            0.025797,                   0,              0.6491,                   1,              0.8931,             0.54275,            0.041666,            0.016812,                   0,            0.005446,            0.005446,            0.005446
                  94,            0.043276,            0.037457,                   0,             0.84338,                   1,               0.995,             0.65031,            0.036888,            0.016814,                   0,           0.0053965,           0.0053965,           0.0053965
                  95,            0.041742,            0.026788,                   0,             0.84338,                   1,               0.995,             0.65031,            0.036888,            0.016814,                   0,            0.005347,            0.005347,            0.005347
                  96,            0.044816,            0.020672,                   0,             0.82224,             0.77789,               0.885,             0.50786,            0.046726,            0.016377,                   0,           0.0052975,           0.0052975,           0.0052975
                  97,            0.050642,            0.023568,                   0,             0.82224,             0.77789,               0.885,             0.50786,            0.046726,            0.016377,                   0,            0.005248,            0.005248,            0.005248
                  98,            0.049052,            0.024002,                   0,             0.82224,             0.77789,               0.885,             0.50786,            0.046726,            0.016377,                   0,           0.0051985,           0.0051985,           0.0051985
                  99,            0.046446,            0.017631,                   0,             0.73663,                   1,              0.9125,             0.52986,            0.037049,            0.016788,                   0,            0.005149,            0.005149,            0.005149
                 100,            0.044518,            0.021281,                   0,             0.73663,                   1,              0.9125,             0.52986,            0.037049,            0.016788,                   0,           0.0050995,           0.0050995,           0.0050995
                 101,            0.044775,            0.031755,                   0,             0.73663,                   1,              0.9125,             0.52986,            0.037049,            0.016788,                   0,             0.00505,             0.00505,             0.00505
                 102,            0.042557,            0.030423,                   0,             0.97729,                   1,               0.995,             0.64072,            0.035147,            0.017025,                   0,           0.0050005,           0.0050005,           0.0050005
                 103,            0.039337,            0.025071,                   0,             0.97729,                   1,               0.995,             0.64072,            0.035147,            0.017025,                   0,            0.004951,            0.004951,            0.004951
                 104,            0.042762,            0.026763,                   0,                   1,             0.87925,               0.995,             0.57588,            0.047078,            0.016251,                   0,           0.0049015,           0.0049015,           0.0049015
                 105,            0.046819,            0.021279,                   0,                   1,             0.87925,               0.995,             0.57588,            0.047078,            0.016251,                   0,            0.004852,            0.004852,            0.004852
                 106,            0.046783,            0.034145,                   0,                   1,             0.87925,               0.995,             0.57588,            0.047078,            0.016251,                   0,           0.0048025,           0.0048025,           0.0048025
                 107,            0.044724,            0.024452,                   0,             0.98286,                   1,               0.995,             0.56639,            0.035424,            0.016295,                   0,            0.004753,            0.004753,            0.004753
                 108,            0.037416,            0.020899,                   0,             0.98286,                   1,               0.995,             0.56639,            0.035424,            0.016295,                   0,           0.0047035,           0.0047035,           0.0047035
                 109,            0.037122,            0.023988,                   0,             0.98286,                   1,               0.995,             0.56639,            0.035424,            0.016295,                   0,            0.004654,            0.004654,            0.004654
                 110,            0.038377,            0.027846,                   0,             0.98356,                   1,               0.995,             0.60149,            0.033893,            0.016092,                   0,           0.0046045,           0.0046045,           0.0046045
                 111,            0.038488,            0.034716,                   0,             0.98356,                   1,               0.995,             0.60149,            0.033893,            0.016092,                   0,            0.004555,            0.004555,            0.004555
                 112,            0.038064,            0.024318,                   0,              0.9844,                   1,               0.995,             0.58394,            0.037065,            0.016018,                   0,           0.0045055,           0.0045055,           0.0045055
                 113,            0.036432,            0.017499,                   0,              0.9844,                   1,               0.995,             0.58394,            0.037065,            0.016018,                   0,            0.004456,            0.004456,            0.004456
                 114,            0.037542,            0.026967,                   0,              0.9844,                   1,               0.995,             0.58394,            0.037065,            0.016018,                   0,           0.0044065,           0.0044065,           0.0044065
                 115,            0.044409,            0.018429,                   0,             0.98327,                   1,               0.995,             0.56881,            0.039204,            0.015807,                   0,            0.004357,            0.004357,            0.004357
                 116,            0.042135,            0.016676,                   0,             0.98327,                   1,               0.995,             0.56881,            0.039204,            0.015807,                   0,           0.0043075,           0.0043075,           0.0043075
                 117,            0.040134,            0.027456,                   0,             0.98327,                   1,               0.995,             0.56881,            0.039204,            0.015807,                   0,            0.004258,            0.004258,            0.004258
                 118,            0.037958,            0.025935,                   0,             0.98121,                   1,               0.995,             0.59263,             0.03652,            0.015714,                   0,           0.0042085,           0.0042085,           0.0042085
                 119,            0.033196,            0.018015,                   0,             0.98121,                   1,               0.995,             0.59263,             0.03652,            0.015714,                   0,            0.004159,            0.004159,            0.004159
                 120,            0.038695,            0.021328,                   0,                   1,             0.98947,               0.995,             0.49001,            0.038535,            0.015709,                   0,           0.0041095,           0.0041095,           0.0041095
                 121,            0.042591,            0.018736,                   0,                   1,             0.98947,               0.995,             0.49001,            0.038535,            0.015709,                   0,             0.00406,             0.00406,             0.00406
                 122,             0.04161,            0.021361,                   0,                   1,             0.98947,               0.995,             0.49001,            0.038535,            0.015709,                   0,           0.0040105,           0.0040105,           0.0040105
                 123,            0.029756,            0.020465,                   0,             0.98118,                   1,               0.995,             0.59806,            0.036954,            0.015774,                   0,            0.003961,            0.003961,            0.003961
                 124,            0.038108,            0.031807,                   0,             0.98118,                   1,               0.995,             0.59806,            0.036954,            0.015774,                   0,           0.0039115,           0.0039115,           0.0039115
                 125,            0.038649,            0.026275,                   0,             0.98118,                   1,               0.995,             0.59806,            0.036954,            0.015774,                   0,            0.003862,            0.003862,            0.003862
                 126,            0.036853,            0.018477,                   0,             0.98262,                   1,               0.995,             0.59303,            0.035424,            0.015773,                   0,           0.0038125,           0.0038125,           0.0038125
                 127,            0.032574,            0.015159,                   0,             0.98262,                   1,               0.995,             0.59303,            0.035424,            0.015773,                   0,            0.003763,            0.003763,            0.003763
                 128,            0.037216,            0.022371,                   0,             0.98296,                   1,               0.995,             0.59565,            0.035777,            0.016029,                   0,           0.0037135,           0.0037135,           0.0037135
                 129,            0.038759,            0.019657,                   0,             0.98296,                   1,               0.995,             0.59565,            0.035777,            0.016029,                   0,            0.003664,            0.003664,            0.003664
                 130,            0.032279,            0.016962,                   0,             0.98296,                   1,               0.995,             0.59565,            0.035777,            0.016029,                   0,           0.0036145,           0.0036145,           0.0036145
                 131,            0.038822,            0.025536,                   0,             0.98352,                   1,               0.995,             0.60709,            0.034217,            0.015806,                   0,            0.003565,            0.003565,            0.003565
                 132,            0.035527,             0.01898,                   0,             0.98352,                   1,               0.995,             0.60709,            0.034217,            0.015806,                   0,           0.0035155,           0.0035155,           0.0035155
                 133,            0.035586,            0.031052,                   0,             0.98352,                   1,               0.995,             0.60709,            0.034217,            0.015806,                   0,            0.003466,            0.003466,            0.003466
                 134,            0.032533,             0.01778,                   0,             0.98465,                   1,               0.995,             0.60843,             0.03354,             0.01584,                   0,           0.0034165,           0.0034165,           0.0034165
                 135,            0.034629,            0.023292,                   0,             0.98465,                   1,               0.995,             0.60843,             0.03354,             0.01584,                   0,            0.003367,            0.003367,            0.003367
                 136,            0.036757,            0.022984,                   0,             0.98472,                   1,               0.995,             0.59375,            0.035414,            0.016275,                   0,           0.0033175,           0.0033175,           0.0033175
                 137,             0.03108,            0.018873,                   0,             0.98472,                   1,               0.995,             0.59375,            0.035414,            0.016275,                   0,            0.003268,            0.003268,            0.003268
                 138,            0.037125,            0.031334,                   0,             0.98472,                   1,               0.995,             0.59375,            0.035414,            0.016275,                   0,           0.0032185,           0.0032185,           0.0032185
                 139,              0.0355,            0.019035,                   0,             0.98506,                   1,               0.995,             0.58801,            0.035515,            0.016158,                   0,            0.003169,            0.003169,            0.003169
                 140,            0.034124,            0.029102,                   0,             0.98506,                   1,               0.995,             0.58801,            0.035515,            0.016158,                   0,           0.0031195,           0.0031195,           0.0031195
                 141,            0.043607,            0.021874,                   0,             0.98506,                   1,               0.995,             0.58801,            0.035515,            0.016158,                   0,             0.00307,             0.00307,             0.00307
                 142,            0.033003,            0.012986,                   0,              0.9857,                   1,               0.995,             0.52864,            0.037287,            0.016274,                   0,           0.0030205,           0.0030205,           0.0030205
                 143,            0.026553,            0.017126,                   0,              0.9857,                   1,               0.995,             0.52864,            0.037287,            0.016274,                   0,            0.002971,            0.002971,            0.002971
                 144,            0.032464,            0.019421,                   0,             0.98593,                   1,               0.995,             0.57319,            0.035181,            0.016107,                   0,           0.0029215,           0.0029215,           0.0029215
                 145,            0.036535,            0.025436,                   0,             0.98593,                   1,               0.995,             0.57319,            0.035181,            0.016107,                   0,            0.002872,            0.002872,            0.002872
                 146,            0.039249,            0.020597,                   0,             0.98593,                   1,               0.995,             0.57319,            0.035181,            0.016107,                   0,           0.0028225,           0.0028225,           0.0028225
                 147,            0.037118,            0.020755,                   0,             0.98277,                   1,               0.995,             0.52436,            0.040786,            0.016503,                   0,            0.002773,            0.002773,            0.002773
                 148,             0.03899,            0.025471,                   0,             0.98277,                   1,               0.995,             0.52436,            0.040786,            0.016503,                   0,           0.0027235,           0.0027235,           0.0027235
                 149,             0.03546,            0.017145,                   0,             0.98277,                   1,               0.995,             0.52436,            0.040786,            0.016503,                   0,            0.002674,            0.002674,            0.002674
                 150,            0.034695,            0.023883,                   0,             0.98201,                   1,               0.995,             0.55272,            0.038106,            0.016513,                   0,           0.0026245,           0.0026245,           0.0026245
                 151,            0.033406,            0.021157,                   0,             0.98201,                   1,               0.995,             0.55272,            0.038106,            0.016513,                   0,            0.002575,            0.002575,            0.002575
                 152,            0.032701,            0.015602,                   0,             0.98279,                   1,               0.995,             0.60622,            0.034381,            0.016091,                   0,           0.0025255,           0.0025255,           0.0025255
                 153,            0.035001,            0.035395,                   0,             0.98279,                   1,               0.995,             0.60622,            0.034381,            0.016091,                   0,            0.002476,            0.002476,            0.002476
                 154,            0.031441,            0.016026,                   0,             0.98279,                   1,               0.995,             0.60622,            0.034381,            0.016091,                   0,           0.0024265,           0.0024265,           0.0024265
                 155,            0.036501,            0.021031,                   0,             0.98272,                   1,               0.995,             0.57739,            0.035638,            0.016237,                   0,            0.002377,            0.002377,            0.002377
                 156,            0.033323,            0.021627,                   0,             0.98272,                   1,               0.995,             0.57739,            0.035638,            0.016237,                   0,           0.0023275,           0.0023275,           0.0023275
                 157,            0.032036,            0.018905,                   0,             0.98272,                   1,               0.995,             0.57739,            0.035638,            0.016237,                   0,            0.002278,            0.002278,            0.002278
                 158,            0.031058,            0.019197,                   0,             0.98247,                   1,               0.995,             0.58708,            0.035224,             0.01603,                   0,           0.0022285,           0.0022285,           0.0022285
                 159,            0.031432,            0.022942,                   0,             0.98247,                   1,               0.995,             0.58708,            0.035224,             0.01603,                   0,            0.002179,            0.002179,            0.002179
                 160,            0.033182,            0.023641,                   0,             0.98342,                   1,               0.995,             0.63517,            0.034238,            0.015674,                   0,           0.0021295,           0.0021295,           0.0021295
                 161,            0.032992,            0.015722,                   0,             0.98342,                   1,               0.995,             0.63517,            0.034238,            0.015674,                   0,             0.00208,             0.00208,             0.00208
                 162,            0.036565,            0.016904,                   0,             0.98342,                   1,               0.995,             0.63517,            0.034238,            0.015674,                   0,           0.0020305,           0.0020305,           0.0020305
                 163,            0.035951,            0.022216,                   0,             0.98503,                   1,               0.995,             0.60259,            0.033299,            0.015399,                   0,            0.001981,            0.001981,            0.001981
                 164,             0.02988,            0.018337,                   0,             0.98503,                   1,               0.995,             0.60259,            0.033299,            0.015399,                   0,           0.0019315,           0.0019315,           0.0019315
                 165,            0.028329,            0.013799,                   0,             0.98503,                   1,               0.995,             0.60259,            0.033299,            0.015399,                   0,            0.001882,            0.001882,            0.001882
                 166,            0.028599,            0.019768,                   0,              0.9863,                   1,               0.995,             0.58788,            0.032502,            0.015139,                   0,           0.0018325,           0.0018325,           0.0018325
                 167,            0.026226,            0.014835,                   0,              0.9863,                   1,               0.995,             0.58788,            0.032502,            0.015139,                   0,            0.001783,            0.001783,            0.001783
                 168,            0.029972,            0.025587,                   0,             0.98702,                   1,               0.995,             0.57383,            0.032581,              0.0151,                   0,           0.0017335,           0.0017335,           0.0017335
                 169,            0.035371,            0.020606,                   0,             0.98702,                   1,               0.995,             0.57383,            0.032581,              0.0151,                   0,            0.001684,            0.001684,            0.001684
                 170,            0.032609,            0.020636,                   0,             0.98702,                   1,               0.995,             0.57383,            0.032581,              0.0151,                   0,           0.0016345,           0.0016345,           0.0016345
                 171,             0.02799,            0.015879,                   0,             0.98715,                   1,               0.995,             0.56937,            0.033393,            0.015161,                   0,            0.001585,            0.001585,            0.001585
                 172,            0.028653,            0.013943,                   0,             0.98715,                   1,               0.995,             0.56937,            0.033393,            0.015161,                   0,           0.0015355,           0.0015355,           0.0015355
                 173,            0.038779,            0.017514,                   0,             0.98715,                   1,               0.995,             0.56937,            0.033393,            0.015161,                   0,            0.001486,            0.001486,            0.001486
                 174,            0.032133,             0.02484,                   0,             0.98753,                   1,               0.995,             0.56524,            0.032122,            0.015004,                   0,           0.0014365,           0.0014365,           0.0014365
                 175,            0.044042,            0.018502,                   0,             0.98753,                   1,               0.995,             0.56524,            0.032122,            0.015004,                   0,            0.001387,            0.001387,            0.001387
                 176,            0.031693,             0.02141,                   0,             0.98762,                   1,               0.995,             0.64297,            0.031011,            0.014832,                   0,           0.0013375,           0.0013375,           0.0013375
                 177,            0.030588,            0.016857,                   0,             0.98762,                   1,               0.995,             0.64297,            0.031011,            0.014832,                   0,            0.001288,            0.001288,            0.001288
                 178,            0.026399,            0.017865,                   0,             0.98762,                   1,               0.995,             0.64297,            0.031011,            0.014832,                   0,           0.0012385,           0.0012385,           0.0012385
                 179,            0.028276,            0.027152,                   0,             0.98752,                   1,               0.995,             0.62579,            0.031544,            0.014875,                   0,            0.001189,            0.001189,            0.001189
                 180,            0.035257,            0.011531,                   0,             0.98752,                   1,               0.995,             0.62579,            0.031544,            0.014875,                   0,           0.0011395,           0.0011395,           0.0011395
                 181,            0.033399,            0.015057,                   0,             0.98752,                   1,               0.995,             0.62579,            0.031544,            0.014875,                   0,             0.00109,             0.00109,             0.00109
                 182,            0.030411,            0.014187,                   0,             0.98764,                   1,               0.995,             0.61898,            0.031471,            0.014932,                   0,           0.0010405,           0.0010405,           0.0010405
                 183,            0.038044,             0.01658,                   0,             0.98764,                   1,               0.995,             0.61898,            0.031471,            0.014932,                   0,            0.000991,            0.000991,            0.000991
                 184,            0.030546,            0.023693,                   0,             0.98771,                   1,               0.995,              0.6162,            0.030727,            0.014929,                   0,           0.0009415,           0.0009415,           0.0009415
                 185,            0.031467,            0.013716,                   0,             0.98771,                   1,               0.995,              0.6162,            0.030727,            0.014929,                   0,            0.000892,            0.000892,            0.000892
                 186,            0.030961,            0.021914,                   0,             0.98771,                   1,               0.995,              0.6162,            0.030727,            0.014929,                   0,           0.0008425,           0.0008425,           0.0008425
                 187,            0.032208,            0.019578,                   0,             0.98774,                   1,               0.995,             0.61611,            0.031473,            0.015033,                   0,            0.000793,            0.000793,            0.000793
                 188,            0.031892,            0.018954,                   0,             0.98774,                   1,               0.995,             0.61611,            0.031473,            0.015033,                   0,           0.0007435,           0.0007435,           0.0007435
                 189,            0.031864,            0.021799,                   0,             0.98774,                   1,               0.995,             0.61611,            0.031473,            0.015033,                   0,            0.000694,            0.000694,            0.000694
                 190,            0.034986,            0.021019,                   0,             0.98777,                   1,               0.995,             0.63746,            0.031476,            0.015027,                   0,           0.0006445,           0.0006445,           0.0006445
                 191,             0.03313,            0.023529,                   0,             0.98777,                   1,               0.995,             0.63746,            0.031476,            0.015027,                   0,            0.000595,            0.000595,            0.000595
                 192,            0.028767,            0.016509,                   0,             0.98762,                   1,               0.995,             0.62906,            0.030895,            0.014978,                   0,           0.0005455,           0.0005455,           0.0005455
                 193,            0.032819,            0.022058,                   0,             0.98762,                   1,               0.995,             0.62906,            0.030895,            0.014978,                   0,            0.000496,            0.000496,            0.000496
                 194,            0.027467,            0.018022,                   0,             0.98762,                   1,               0.995,             0.62906,            0.030895,            0.014978,                   0,           0.0004465,           0.0004465,           0.0004465
                 195,            0.030232,            0.022092,                   0,             0.98775,                   1,               0.995,             0.60527,            0.031053,            0.015025,                   0,            0.000397,            0.000397,            0.000397
